{
    "loss": 10.715553283691406,
    "accuracy": 0.5467625856399536
}